{"cameraMode":{"drawMode":0,"name":"Shaded","section":"Shading Mode"},"sceneLighting":true,"audioPlay":false,"sceneViewState":{"showFog":true,"showMaterialUpdate":true,"showSkybox":true,"showFlares":true,"showImageEffects":true,"showParticleSystems":true},"in2DMode":false,"pivot":{"x":-3.988739490509033,"y":-2.8715081214904787,"z":-17.787376403808595},"rotation":{"x":-0.009048557840287686,"y":0.9903972148895264,"z":-0.07921010255813599,"w":-0.11309601366519928},"size":22.425527572631837,"orthographic":false}