{"cameraMode":{"drawMode":0,"name":"Shaded","section":"Shading Mode"},"sceneLighting":true,"audioPlay":false,"sceneViewState":{"showFog":true,"showMaterialUpdate":true,"showSkybox":true,"showFlares":true,"showImageEffects":true,"showParticleSystems":true},"in2DMode":false,"pivot":{"x":-3.2897613048553469,"y":-3.452174663543701,"z":-13.533714294433594},"rotation":{"x":-0.0148146478459239,"y":0.9850826859474182,"z":-0.1130957379937172,"w":-0.1289869248867035},"size":17.05667495727539,"orthographic":false}